,PLAYER_NAME,TEAM_NAME,POSITION,HEIGHT,WEIGHT,COUNTRY,BIRTHDATE,SEASON_EXP,DRAFT_NUMBER,GP,MIN,PTS,REB,AST,STL,BLK,GAME_DATE,SALARY
1630173,Precious Achiuwa,Raptors,Forward,6-8,225,Nigeria,1999-09-19T00:00:00,1,20,134,18.4,7.2,5.1,0.8,0.4,0.5,APR 16 2022,2711280
203500,Steven Adams,Grizzlies,Center,6-11,265,New Zealand,1993-07-20T00:00:00,8,12,664,26.8,9.3,8.0,1.5,0.9,0.9,APR 16 2022,17073171
1628389,Bam Adebayo,Heat,Center-Forward,6-9,255,USA,1997-07-18T00:00:00,4,14,343,28.2,13.5,8.3,3.5,1.0,0.9,APR 17 2022,28103550
1630583,Santi Aldama,Grizzlies,Forward-Center,6-11,215,Spain,2001-01-10T00:00:00,0,30,32,11.2,4.1,2.7,0.7,0.2,0.3,APR 16 2022,1994520
200746,Lamarcus Aldridge,Nets,Center-Forward,6-11,250,USA,1985-07-19T00:00:00,15,2,1076,33.7,19.1,8.1,1.9,0.7,1.1,APR 17 2022,2641691
1629638,Nickeil Alexander-Walker,Jazz,Guard,6-5,205,Canada,1998-09-02T00:00:00,2,17,158,19.4,9.3,2.6,2.2,0.7,0.3,APR 16 2022,3261480
1628960,Grayson Allen,Bucks,Guard,6-4,198,USA,1995-10-08T00:00:00,3,21,192,21.9,9.4,2.6,1.5,0.6,0.2,APR 17 2022,4054695
1628386,Jarrett Allen,Cavaliers,Center,6-10,243,USA,1998-04-21T00:00:00,4,22,341,26.6,11.6,8.7,1.4,0.5,1.4,APR 16 2022,20000000
1630631,Jose Alvarado,Pelicans,Guard,6-0,179,USA,1998-04-12T00:00:00,0,Undrafted,54,15.4,6.1,1.9,2.8,1.3,0.1,APR 17 2022,1500000
203937,Kyle Anderson,Grizzlies,Forward-Guard,6-9,230,USA,1993-09-20T00:00:00,7,30,505,21.0,6.7,4.4,2.3,1.0,0.6,APR 17 2022,9937150
203648,Thanasis Antetokounmpo,Bucks,Forward,6-6,219,Greece,1992-07-18T00:00:00,3,51,127,9.1,3.1,2.0,0.7,0.4,0.2,APR 16 2022,39344970
2546,Carmelo Anthony,Lakers,Forward,6-7,238,USA,1984-05-29T00:00:00,18,3,1260,34.5,22.5,6.2,2.7,1.0,0.5,APR 17 2022,2641691
1630175,Cole Anthony,Magic,Guard,6-3,185,USA,2000-05-15T00:00:00,1,15,112,29.8,14.9,5.1,5.0,0.7,0.3,APR 16 2022,3449400
1628384,Og Anunoby,Raptors,Forward,6-7,232,United Kingdom,1997-07-17T00:00:00,4,23,301,26.8,10.4,4.1,1.4,1.1,0.5,APR 16 2022,16071429
1627853,Ryan Arcidiacono,Bulls,Guard,6-3,195,USA,1994-03-26T00:00:00,4,Undrafted,217,17.2,4.6,2.0,2.1,0.5,0.0,APR 16 2022,586136
201571,D.J. Augustin,Lakers,Guard,5-11,183,USA,1987-11-10T00:00:00,13,9,976,23.4,9.5,1.8,3.9,0.6,0.0,APR 16 2022,7622467
1630166,Deni Avdija,Wizards,Forward,6-9,210,Israel,2001-01-03T00:00:00,1,9,136,23.8,7.6,5.1,1.7,0.7,0.4,APR 16 2022,4692840
1629028,Deandre Ayton,Suns,Center,6-11,250,Bahamas,1998-07-23T00:00:00,3,1,236,30.7,16.3,10.5,1.6,0.7,1.0,APR 16 2022,12632950
1628962,Udoka Azubuike,Jazz,Center-Forward,7-0,270,Nigeria,1999-09-17T00:00:00,1,27,32,7.9,3.0,2.6,0.0,0.1,0.5,APR 16 2022,2075880
1628963,Marvin Bagley Iii,Pistons,Forward,6-11,235,USA,1999-03-14T00:00:00,3,2,166,25.1,13.6,7.4,0.9,0.5,0.7,APR 16 2022,11312114
1630163,Lamelo Ball,Hornets,Guard,6-7,180,USA,2001-08-22T00:00:00,1,3,126,30.9,18.3,6.4,7.0,1.6,0.4,APR 16 2022,8231760
1628366,Lonzo Ball,Bulls,Guard,6-6,190,USA,1997-10-27T00:00:00,4,2,252,32.5,11.9,5.7,6.2,1.6,0.6,APR 16 2022,18604651
1628964,Mo Bamba,Magic,Center,7-0,231,USA,1998-05-12T00:00:00,3,6,226,18.6,7.7,6.1,0.9,0.4,1.4,APR 17 2022,7568742
1630217,Desmond Bane,Grizzlies,Guard,6-5,215,USA,1998-06-25T00:00:00,1,30,144,26.3,14.0,3.8,2.3,0.9,0.3,APR 16 2022,2033160
1630625,Dalano Banton,Raptors,Forward,6-7,204,Canada,1999-11-07T00:00:00,0,46,64,10.9,3.2,1.9,1.5,0.4,0.2,APR 16 2022,925258
203084,Harrison Barnes,Kings,Forward,6-8,225,USA,1992-05-30T00:00:00,9,7,747,31.8,14.1,5.1,1.8,0.7,0.2,APR 16 2022,20284091
1630567,Scottie Barnes,Raptors,Forward,6-7,225,USA,2001-08-01T00:00:00,0,4,74,35.4,15.3,7.5,3.5,1.1,0.7,APR 16 2022,7280520
1629628,Rj Barrett,Knicks,Forward-Guard,6-6,214,Canada,2000-06-14T00:00:00,2,3,198,33.5,17.5,5.6,2.9,0.8,0.3,APR 17 2022,8623920
203115,Will Barton,Nuggets,Guard,6-5,181,USA,1991-01-06T00:00:00,9,40,623,25.9,11.6,4.3,2.7,0.8,0.4,APR 16 2022,15384615
1629646,Charles Bassey,76ers,Center-Forward,6-9,230,Nigeria,2000-10-28T00:00:00,0,53,23,7.3,3.0,2.7,0.3,0.2,0.7,APR 16 2022,925258
1628966,Keita Bates-Diop,Spurs,Forward,6-8,229,USA,1996-01-23T00:00:00,3,48,163,15.0,5.2,3.0,0.6,0.5,0.3,APR 17 2022,1729217
201587,Nicolas Batum,Clippers,Guard-Forward,6-8,230,France,1988-12-14T00:00:00,13,25,915,30.6,11.1,5.1,3.5,1.0,0.6,APR 17 2022,12213507
203145,Kent Bazemore,Lakers,Guard-Forward,6-4,195,USA,1989-07-01T00:00:00,9,Undrafted,657,20.6,8.2,3.2,1.8,1.0,0.5,APR 16 2022,2401537
1629647,Darius Bazley,Thunder,Forward,6-8,208,USA,2000-06-12T00:00:00,2,23,185,25.8,10.0,5.8,1.3,0.6,0.7,APR 16 2022,2513040
203078,Bradley Beal,Wizards,Guard,6-4,207,USA,1993-06-28T00:00:00,9,3,645,34.8,22.1,4.1,4.2,1.1,0.4,APR 17 2022,34502130
1627736,Malik Beasley,Timberwolves,Guard,6-4,187,USA,1996-11-26T00:00:00,5,19,336,20.9,10.4,2.5,1.2,0.6,0.1,APR 17 2022,14391964
202722,Davis Bertans,Mavericks,Forward,6-10,225,Latvia,1992-11-12T00:00:00,5,42,387,19.1,8.2,2.7,1.0,0.4,0.4,APR 16 2022,16000000
201976,Patrick Beverley,Timberwolves,Guard,6-1,180,USA,1988-07-12T00:00:00,9,42,526,27.4,8.8,4.3,3.5,1.1,0.5,APR 16 2022,14320988
1630180,Saddiq Bey,Pistons,Forward,6-7,215,USA,1999-04-09T00:00:00,1,19,152,30.4,14.3,5.0,2.2,0.8,0.2,APR 16 2022,2824320
203920,Khem Birch,Raptors,Center,6-9,233,Canada,1992-09-28T00:00:00,4,Undrafted,262,17.8,5.2,4.6,1.0,0.5,0.6,APR 16 2022,6350000
1629048,Goga Bitadze,Pacers,Center-Forward,7-0,250,Georgia,1999-07-20T00:00:00,2,18,149,11.8,5.0,2.9,0.8,0.3,0.9,APR 17 2022,3098400
202687,Bismack Biyombo,Suns,Center,6-8,255,DRC,1992-08-28T00:00:00,10,7,738,19.9,5.2,6.1,0.6,0.3,1.3,APR 16 2022,1366392
202357,Nemanja Bjelica,Warriors,Forward,6-9,234,Serbia,1988-05-09T00:00:00,6,35,449,20.4,7.6,4.6,1.8,0.6,0.4,APR 16 2022,2089448
202339,Eric Bledsoe,Trail Blazers,Guard,6-1,214,USA,1989-12-09T00:00:00,11,18,756,27.8,13.7,3.9,4.7,1.4,0.5,APR 17 2022,18125000
202711,Bojan Bogdanovic,Jazz,Forward,6-7,226,Croatia,1989-04-18T00:00:00,7,31,603,29.1,15.0,3.6,1.6,0.6,0.1,APR 16 2022,18700000
1629626,Bol Bol,Magic,Center-Forward,7-2,220,Sudan,1999-11-16T00:00:00,2,44,53,6.2,2.7,1.2,0.3,0.1,0.3,APR 16 2022,2161152
1630195,Leandro Bolmaro,Timberwolves,Forward,6-6,200,Argentina,2000-09-11T00:00:00,0,23,35,6.9,1.4,1.2,0.6,0.2,0.0,APR 16 2022,2353320
1629067,Isaac Bonga,Raptors,Guard,6-8,180,Germany,1999-11-08T00:00:00,3,39,143,13.1,3.1,2.2,0.8,0.5,0.3,APR 16 2022,1729217
1626164,Devin Booker,Suns,Guard,6-5,206,USA,1996-10-30T00:00:00,6,13,477,33.7,23.5,3.9,4.7,0.8,0.3,APR 16 2022,31610000
1630527,Brandon Boston Jr.,Clippers,Guard,6-6,188,USA,2001-11-28T00:00:00,0,51,51,14.9,6.7,2.2,1.0,0.5,0.3,APR 17 2022,925258
1628449,Chris Boucher,Raptors,Forward-Center,6-9,200,Saint Lucia,1993-01-11T00:00:00,4,Undrafted,231,17.9,9.0,5.3,0.5,0.5,1.2,APR 17 2022,7009615
1630547,James Bouknight,Hornets,Guard,6-4,190,USA,2000-09-18T00:00:00,0,11,31,9.8,4.6,1.7,0.8,0.2,0.0,APR 16 2022,4154400
202340,Avery Bradley,Lakers,Guard,6-3,180,USA,1990-11-26T00:00:00,11,19,660,27.5,11.0,2.8,1.7,1.0,0.2,APR 17 2022,2641691
1628396,Tony Bradley,Bulls,Center-Forward,6-10,248,USA,1998-01-08T00:00:00,4,28,167,11.7,4.6,4.3,0.5,0.2,0.6,APR 17 2022,1789256
1628970,Miles Bridges,Hornets,Forward,6-7,225,USA,1998-03-21T00:00:00,3,12,291,29.1,13.4,5.6,2.3,0.7,0.7,APR 16 2022,5421493
1629052,Oshae Brissett,Pacers,Forward-Guard,6-7,210,Canada,1998-06-20T00:00:00,2,Undrafted,107,20.7,8.2,4.7,0.9,0.6,0.5,APR 17 2022,1701593
1627763,Malcolm Brogdon,Pacers,Guard,6-5,229,USA,1992-12-11T00:00:00,5,36,333,30.2,15.5,4.2,4.8,0.9,0.2,APR 16 2022,21700000
1629717,Armoni Brooks,Raptors,Guard,6-3,195,USA,1998-06-05T00:00:00,1,,74,18.4,6.9,2.3,1.2,0.5,0.2,APR 17 2022,1625991
1628415,Dillon Brooks,Grizzlies,Guard-Forward,6-7,225,Canada,1996-01-22T00:00:00,4,45,272,28.2,14.5,3.0,2.0,1.0,0.3,APR 17 2022,12200000
1628971,Bruce Brown,Nets,Guard-Forward,6-4,202,USA,1996-08-15T00:00:00,3,42,269,23.5,7.6,4.3,2.1,0.9,0.5,APR 17 2022,4736102
1629650,Moses Brown,Cavaliers,Center,7-2,245,USA,1999-10-13T00:00:00,2,Undrafted,92,14.1,6.0,5.8,0.1,0.4,0.7,APR 16 2022,1720779
1628425,Sterling Brown,Mavericks,Guard-Forward,6-5,219,USA,1995-02-10T00:00:00,4,46,264,16.8,5.4,3.3,1.0,0.5,0.2,APR 17 2022,3000000
1630535,Greg Brown Iii,Trail Blazers,Forward,6-7,206,USA,2001-09-01T00:00:00,0,43,48,13.3,4.7,2.8,0.7,0.5,0.5,APR 17 2022,925258
1628972,Troy Brown Jr.,Bulls,Guard-Forward,6-6,215,USA,1999-07-28T00:00:00,3,15,221,18.5,6.4,3.8,1.6,0.7,0.1,APR 17 2022,5170564
1628973,Jalen Brunson,Mavericks,Guard,6-1,190,USA,1996-08-31T00:00:00,3,33,277,24.7,11.9,3.0,3.7,0.6,0.0,APR 16 2022,1802057
1628418,Thomas Bryant,Wizards,Center-Forward,6-10,248,USA,1997-07-31T00:00:00,4,42,170,20.1,10.2,5.7,1.3,0.4,0.9,APR 17 2022,8730159
203493,Reggie Bullock,Mavericks,Guard-Forward,6-6,205,USA,1991-03-16T00:00:00,8,25,434,22.5,7.8,2.5,1.2,0.6,0.1,APR 16 2022,9536000
203504,Trey Burke,Mavericks,Guard,6-0,185,USA,1992-11-12T00:00:00,8,9,498,20.9,9.6,1.8,3.1,0.6,0.1,APR 16 2022,3333333
202692,Alec Burks,Knicks,Guard,6-6,214,USA,1991-07-20T00:00:00,10,12,625,23.0,10.6,3.5,2.0,0.7,0.2,APR 17 2022,9536000
1630215,Jared Butler,Jazz,Guard,6-3,193,USA,2000-08-25T00:00:00,0,40,42,8.6,3.8,1.1,1.5,0.4,0.2,APR 16 2022,925258
202710,Jimmy Butler,Heat,Forward,6-7,230,USA,1989-09-14T00:00:00,10,30,690,33.1,17.7,5.3,4.1,1.6,0.5,APR 16 2022,36016200
1629719,Devontae Cacok,Spurs,Forward,6-7,240,USA,1996-10-08T00:00:00,2,Undrafted,36,6.3,2.5,2.2,0.2,0.4,0.3,APR 16 2022,364533
203484,Kentavious Caldwell-Pope,Wizards,Guard,6-5,204,USA,1993-02-18T00:00:00,8,8,683,29.2,11.6,3.1,1.7,1.1,0.2,APR 17 2022,13038862
1630267,Facundo Campazzo,Nuggets,Guard,5-10,195,Argentina,1991-03-23T00:00:00,1,Undrafted,130,20.1,5.6,1.9,3.5,1.1,0.3,APR 16 2022,3804150
1628427,Vlatko Cancar,Nuggets,Forward,6-8,236,Slovenia,1997-04-10T00:00:00,2,49,70,7.2,2.3,1.3,0.5,0.2,0.1,APR 16 2022,1782621
1629962,Devin Cannady,Magic,Guard,6-2,183,USA,1996-05-21T00:00:00,1,,13,16.8,6.5,0.8,0.8,0.8,0.3,APR 16 2022,100000
203991,Clint Capela,Hawks,Center,6-10,256,Switzerland,1994-05-18T00:00:00,7,25,471,26.8,12.4,10.7,1.0,0.7,1.5,APR 16 2022,17103448
1630176,Vernon Carey Jr.,Wizards,Forward-Center,6-9,270,USA,2001-02-25T00:00:00,1,32,26,6.1,2.5,1.5,0.1,0.1,0.2,APR 16 2022,1517981
1628975,Jevon Carter,Bucks,Guard,6-1,200,USA,1995-09-14T00:00:00,3,32,223,14.1,4.4,1.7,1.4,0.6,0.2,APR 16 2022,4107149
1628976,Wendell Carter Jr.,Magic,Center-Forward,6-10,270,USA,1999-04-16T00:00:00,3,7,203,27.5,12.2,8.9,2.0,0.6,0.9,APR 17 2022,6920027
1627936,Alex Caruso,Bulls,Guard,6-5,186,USA,1994-02-28T00:00:00,4,Undrafted,225,20.6,6.2,2.5,2.7,1.1,0.3,APR 16 2022,8604651
1627737,Marquese Chriss,Mavericks,Forward,6-9,240,USA,1997-07-02T00:00:00,5,8,292,18.3,7.6,4.7,1.0,0.6,0.8,APR 16 2022,958529
1630528,Josh Christopher,Rockets,Guard,6-3,215,USA,2001-12-08T00:00:00,0,24,74,18.0,7.9,2.5,2.0,0.9,0.2,APR 16 2022,2259240
1629109,Gary Clark,Pelicans,Forward,6-6,225,USA,1994-11-16T00:00:00,3,Undrafted,170,13.2,3.1,2.5,0.5,0.3,0.4,APR 17 2022,377645
1629634,Brandon Clarke,Grizzlies,Forward,6-8,215,Canada,1996-09-19T00:00:00,2,21,181,21.9,10.9,5.6,1.4,0.7,0.9,APR 16 2022,2726880
203903,Jordan Clarkson,Jazz,Guard,6-4,194,USA,1992-06-07T00:00:00,7,46,600,27.0,15.4,3.3,2.5,0.9,0.1,APR 17 2022,12420000
1629651,Nic Claxton,Nets,Forward-Center,6-11,215,USA,1999-04-17T00:00:00,2,31,94,18.7,7.3,5.0,0.9,0.5,1.1,APR 17 2022,1782621
1629599,Amir Coffey,Clippers,Guard-Forward,6-7,210,USA,1997-06-17T00:00:00,2,Undrafted,131,16.2,6.2,2.0,1.2,0.4,0.1,APR 16 2022,153488
1628381,John Collins,Hawks,Forward-Center,6-9,226,USA,1997-09-23T00:00:00,4,19,293,29.0,16.5,8.3,1.6,0.6,1.0,APR 17 2022,23000000
1628380,Zach Collins,Spurs,Forward-Center,6-11,250,USA,1997-11-19T00:00:00,3,10,182,17.5,6.0,4.2,1.1,0.3,0.7,APR 17 2022,6984127
201144,Mike Conley,Jazz,Guard,6-1,175,USA,1987-10-11T00:00:00,14,4,958,32.0,14.8,3.0,5.6,1.4,0.2,APR 17 2022,21000000
1626192,Pat Connaughton,Bucks,Guard,6-5,209,USA,1993-01-06T00:00:00,6,41,417,18.5,5.9,3.3,1.2,0.5,0.3,APR 17 2022,5333333
202326,Demarcus Cousins,Nuggets,Center,6-10,270,USA,1990-08-13T00:00:00,10,5,654,29.8,19.6,10.2,3.0,1.3,1.1,APR 16 2022,1290481
203496,Robert Covington,Clippers,Forward,6-7,209,USA,1990-12-14T00:00:00,8,Undrafted,537,29.9,11.6,5.8,1.5,1.6,1.0,APR 16 2022,12975471
1628470,Torrey Craig,Suns,Forward,6-7,221,USA,1990-12-19T00:00:00,4,Undrafted,300,18.7,5.7,3.6,0.9,0.5,0.5,APR 17 2022,4878049
203109,Jae Crowder,Suns,Forward,6-6,235,USA,1990-07-06T00:00:00,9,34,735,25.3,9.6,4.3,1.6,1.0,0.3,APR 17 2022,9720900
1629633,Jarrett Culver,Grizzlies,Guard-Forward,6-6,195,USA,1999-02-20T00:00:00,2,6,134,17.5,6.6,2.7,1.2,0.7,0.4,APR 16 2022,6395160
1630595,Cade Cunningham,Pistons,Guard,6-6,220,USA,2001-09-25T00:00:00,0,1,64,32.6,17.4,5.5,5.6,1.2,0.7,APR 17 2022,10050120
203552,Seth Curry,Nets,Guard,6-2,185,USA,1990-08-23T00:00:00,7,Undrafted,377,25.2,11.3,2.2,2.2,0.7,0.1,APR 16 2022,8186047
201939,Stephen Curry,Warriors,Guard,6-2,185,USA,1988-03-14T00:00:00,12,7,826,34.3,24.3,4.6,6.5,1.7,0.2,APR 17 2022,45780966
203076,Anthony Davis,Lakers,Forward-Center,6-10,253,USA,1993-03-11T00:00:00,9,1,604,34.4,23.8,10.2,2.3,1.4,2.3,APR 16 2022,35361360
202334,Ed Davis,Cavaliers,Center-Forward,6-9,218,USA,1989-06-05T00:00:00,11,13,722,19.1,5.9,6.4,0.7,0.5,0.8,APR 16 2022,2641691
1629056,Terence Davis,Kings,Guard,6-4,201,USA,1997-05-16T00:00:00,2,Undrafted,163,17.3,8.5,3.0,1.5,0.7,0.2,APR 16 2022,4000000
201942,Demar Derozan,Bulls,Guard-Forward,6-6,220,USA,1989-08-07T00:00:00,12,9,957,34.3,20.8,4.4,3.9,1.0,0.3,APR 17 2022,26000000
203473,Dewayne Dedmon,Heat,Center,7-0,245,USA,1989-08-12T00:00:00,8,Undrafted,477,17.8,6.4,5.9,0.7,0.5,0.8,APR 16 2022,5256308
1628978,Donte Divincenzo,Kings,Guard,6-4,203,USA,1997-01-31T00:00:00,3,17,201,23.6,9.0,4.6,2.5,1.1,0.2,APR 16 2022,4675830
1628977,Hamidou Diallo,Pistons,Guard,6-5,202,USA,1998-07-31T00:00:00,3,45,207,18.9,8.4,3.9,1.1,0.8,0.3,APR 17 2022,5200000
203476,Gorgui Dieng,Hawks,Center,6-10,248,Senegal,1990-01-18T00:00:00,8,21,597,20.6,7.5,5.7,1.3,0.8,0.9,APR 16 2022,4000000
203915,Spencer Dinwiddie,Mavericks,Guard,6-6,215,USA,1993-04-06T00:00:00,7,38,387,26.4,13.0,3.0,5.0,0.7,0.3,APR 16 2022,17142857
1629029,Luka Doncic,Mavericks,Forward-Guard,6-7,230,Slovenia,1999-02-28T00:00:00,3,3,264,33.8,26.4,8.5,8.0,1.1,0.4,APR 16 2022,10174391
1629652,Luguentz Dort,Thunder,Guard,6-3,215,Canada,1999-04-19T00:00:00,2,Undrafted,139,29.0,13.3,3.5,1.5,0.9,0.3,APR 17 2022,1782621
1630245,Ayo Dosunmu,Bulls,Guard,6-4,200,USA,2000-01-17T00:00:00,0,38,77,27.4,8.8,2.8,3.3,0.8,0.4,APR 16 2022,925258
201609,Goran Dragic,Nets,Guard,6-3,190,Slovenia,1986-05-06T00:00:00,13,45,888,27.9,13.7,3.1,4.8,1.0,0.2,APR 16 2022,20168742
203083,Andre Drummond,Nets,Center,6-10,279,USA,1993-08-10T00:00:00,9,9,718,29.6,13.8,13.3,1.4,1.4,1.5,APR 17 2022,2401537
1630537,Chris Duarte,Pacers,Guard,6-5,190,Dominican Republic,1997-06-13T00:00:00,0,13,55,28.0,13.1,4.1,2.1,1.0,0.2,APR 16 2022,3749520
201142,Kevin Durant,Nets,Forward,6-10,240,USA,1988-09-29T00:00:00,13,2,939,36.8,27.2,7.1,4.3,1.1,1.1,APR 16 2022,40918900
1630162,Anthony Edwards,Timberwolves,Guard,6-4,225,USA,2001-08-05T00:00:00,1,1,144,33.2,20.3,4.7,3.4,1.3,0.6,APR 16 2022,10245480
1629035,Carsen Edwards,Celtics,Guard,5-11,200,USA,1998-03-12T00:00:00,2,33,72,9.8,3.7,1.1,0.7,0.3,0.1,APR 16 2022,76744
1630556,Kessler Edwards,Nets,Forward,6-7,203,USA,2000-08-09T00:00:00,0,44,48,20.6,5.9,3.6,0.6,0.6,0.5,APR 17 2022,5318
1629604,Cj Elleby,Trail Blazers,Forward-Guard,6-6,200,USA,2000-06-16T00:00:00,1,46,88,15.5,4.6,2.9,1.1,0.5,0.3,APR 17 2022,1517981
201961,Wayne Ellington,Lakers,Guard,6-4,207,USA,1987-11-29T00:00:00,12,28,770,20.9,8.0,2.1,1.1,0.5,0.1,APR 17 2022,2641691
203954,Joel Embiid,76ers,Center-Forward,7-0,280,Cameroon,1994-03-16T00:00:00,5,3,328,31.2,26.0,11.4,3.3,0.9,1.7,APR 17 2022,31579390
202324,Derrick Favors,Thunder,Forward,6-9,265,USA,1991-07-15T00:00:00,11,3,790,24.3,10.6,7.1,1.1,0.7,1.2,APR 16 2022,9720900
1628981,Bruno Fernando,Rockets,Forward-Center,6-9,240,Angola,1998-08-15T00:00:00,2,34,119,9.2,3.2,2.8,0.6,0.2,0.3,APR 17 2022,1782621
1627827,Dorian Finney-Smith,Mavericks,Forward,6-7,220,USA,1993-05-04T00:00:00,5,Undrafted,394,27.3,8.2,4.5,1.4,0.8,0.4,APR 17 2022,4000000
1630238,Malik Fitts,Celtics,Forward,6-5,230,USA,1997-07-04T00:00:00,1,Undrafted,18,4.1,1.3,1.1,0.3,0.0,0.0,APR 16 2022,231062
1630201,Malachi Flynn,Raptors,Guard,6-1,175,USA,1998-05-09T00:00:00,1,29,91,16.1,6.0,2.0,2.3,0.6,0.1,APR 17 2022,2048040
1630235,Trent Forrest,Jazz,Guard,6-4,210,USA,1998-06-12T00:00:00,1,Undrafted,90,11.9,3.1,1.6,1.7,0.4,0.1,APR 16 2022,8558
203095,Evan Fournier,Knicks,Guard-Forward,6-6,205,France,1992-10-29T00:00:00,9,20,645,28.6,14.3,2.7,2.6,0.9,0.2,APR 16 2022,18139535
1628368,De'Aaron Fox,Kings,Guard,6-3,185,USA,1997-12-20T00:00:00,4,5,322,32.1,19.1,3.5,6.2,1.3,0.4,APR 17 2022,28103550
1628365,Markelle Fultz,Magic,Guard,6-4,209,USA,1998-05-29T00:00:00,4,1,131,24.8,10.9,3.2,4.8,1.1,0.2,APR 16 2022,16500000
1629117,Wenyen Gabriel,Lakers,Forward,6-9,205,South Sudan,1997-03-26T00:00:00,2,Undrafted,77,10.8,3.6,2.6,0.4,0.3,0.3,APR 16 2022,29814
1629655,Daniel Gafford,Wizards,Forward-Center,6-9,234,USA,1998-10-01T00:00:00,2,38,169,16.8,7.6,4.4,0.7,0.4,1.4,APR 16 2022,1782621
201568,Danilo Gallinari,Hawks,Forward,6-10,236,Italy,1988-08-08T00:00:00,12,6,728,29.9,15.6,4.8,1.9,0.7,0.4,APR 16 2022,20475000
1629636,Darius Garland,Cavaliers,Guard,6-1,192,USA,2000-01-26T00:00:00,2,5,181,33.4,17.4,2.6,6.3,1.1,0.1,APR 16 2022,7040880
1630586,Usman Garuba,Rockets,Forward,6-8,229,Spain,2002-03-09T00:00:00,0,23,24,10.0,2.0,3.5,0.7,0.4,0.5,APR 16 2022,2353320
1630568,Luka Garza,Pistons,Center,6-10,243,USA,1998-12-27T00:00:00,0,52,32,12.2,5.8,3.1,0.6,0.3,0.2,APR 17 2022,925258
200752,Rudy Gay,Jazz,Forward-Guard,6-8,250,USA,1986-08-17T00:00:00,15,8,1064,31.7,16.3,5.8,2.1,1.1,0.7,APR 17 2022,5890000
202331,Paul George,Clippers,Forward,6-8,220,USA,1990-05-02T00:00:00,11,10,737,33.6,20.4,6.4,3.6,1.7,0.4,APR 16 2022,39344970
201959,Taj Gibson,Knicks,Forward,6-9,232,USA,1985-06-24T00:00:00,12,26,896,24.5,9.0,6.1,1.0,0.6,1.0,APR 17 2022,4910000
1630581,Josh Giddey,Thunder,Guard,6-8,205,Australia,2002-10-10T00:00:00,0,6,54,31.5,12.5,7.8,6.4,0.9,0.4,APR 16 2022,5988000
1628983,Shai Gilgeous-Alexander,Thunder,Guard,6-6,180,Canada,1998-07-12T00:00:00,3,11,243,31.8,18.2,4.5,4.3,1.1,0.7,APR 16 2022,5495532
1630264,Anthony Gill,Wizards,Forward,6-7,230,USA,1992-10-17T00:00:00,1,Undrafted,70,9.7,3.7,1.9,0.5,0.2,0.2,APR 17 2022,1517981
203497,Rudy Gobert,Jazz,Center,7-1,258,France,1992-06-26T00:00:00,8,27,611,30.0,12.4,11.7,1.3,0.7,2.2,APR 16 2022,35344828
203932,Aaron Gordon,Nuggets,Forward,6-8,235,USA,1995-09-16T00:00:00,7,4,528,28.9,13.0,6.3,2.5,0.7,0.6,APR 16 2022,16409091
201569,Eric Gordon,Rockets,Guard,6-3,215,USA,1988-12-25T00:00:00,13,7,749,32.4,16.4,2.4,2.8,0.9,0.3,APR 16 2022,18218818
1628984,Devonte' Graham,Pelicans,Guard,6-1,195,USA,1995-02-22T00:00:00,3,34,240,27.9,12.8,2.5,5.0,0.9,0.1,APR 17 2022,11000000
203924,Jerami Grant,Pistons,Forward,6-8,210,USA,1994-03-12T00:00:00,7,39,555,26.0,11.4,3.9,1.3,0.6,1.1,APR 16 2022,20000000
201980,Danny Green,76ers,Guard,6-6,215,USA,1987-06-22T00:00:00,12,46,819,25.3,8.7,3.4,1.6,1.0,0.8,APR 16 2022,10000000
203110,Draymond Green,Warriors,Forward,6-6,230,USA,1990-03-04T00:00:00,9,35,685,28.5,8.7,6.9,5.4,1.4,1.0,APR 17 2022,24026712
203210,Jamychal Green,Nuggets,Forward-Center,6-8,227,USA,1990-06-21T00:00:00,7,Undrafted,487,20.8,7.9,5.7,0.9,0.6,0.4,APR 17 2022,8292683
1629750,Javonte Green,Bulls,Guard-Forward,6-5,205,USA,1993-07-23T00:00:00,2,Undrafted,154,16.0,5.0,2.9,0.7,0.8,0.3,APR 16 2022,8992200
201145,Jeff Green,Nuggets,Forward,6-8,235,USA,1986-08-28T00:00:00,13,5,1051,29.0,12.6,4.3,1.5,0.7,0.5,APR 16 2022,4500000
1630182,Josh Green,Mavericks,Guard,6-5,200,Australia,2000-11-16T00:00:00,1,18,106,14.0,4.0,2.3,1.0,0.6,0.2,APR 16 2022,2957520
201933,Blake Griffin,Nets,Forward,6-9,250,USA,1989-03-16T00:00:00,11,1,724,32.9,19.8,8.2,4.1,0.8,0.5,APR 16 2022,32405817
1629656,Quentin Grimes,Knicks,Guard,6-4,210,USA,2000-05-08T00:00:00,0,25,46,17.1,6.0,2.0,1.0,0.7,0.2,APR 16 2022,2168760
1629060,Rui Hachimura,Wizards,Forward,6-8,230,Japan,1998-02-08T00:00:00,2,9,147,28.5,13.0,5.2,1.5,0.7,0.2,APR 16 2022,4916160
1630169,Tyrese Haliburton,Pacers,Guard,6-5,185,USA,2000-02-29T00:00:00,1,12,135,32.9,14.3,3.6,6.9,1.6,0.6,APR 17 2022,4023600
1630181,R.J. Hampton,Magic,Guard,6-4,175,USA,2001-02-07T00:00:00,1,24,115,19.9,7.3,3.2,2.1,0.5,0.2,APR 16 2022,2303040
203501,Tim Hardaway Jr.,Mavericks,Guard-Forward,6-5,205,USA,1992-03-16T00:00:00,8,24,586,27.0,13.9,2.8,1.9,0.6,0.1,APR 16 2022,21306816
201935,James Harden,76ers,Guard,6-5,220,USA,1989-08-26T00:00:00,12,3,942,34.6,24.9,5.6,6.8,1.5,0.5,APR 16 2022,43848000
203090,Maurice Harkless,Kings,Forward-Guard,6-7,220,USA,1993-05-11T00:00:00,9,15,621,22.6,6.9,3.5,0.9,0.9,0.6,APR 17 2022,4347600
1626149,Montrezl Harrell,Hornets,Forward-Center,6-7,240,USA,1994-01-26T00:00:00,6,32,458,21.5,12.9,5.3,1.4,0.6,0.8,APR 16 2022,9720900
203914,Gary Harris,Magic,Guard,6-4,210,USA,1994-09-14T00:00:00,7,19,468,28.8,11.8,2.5,2.1,1.2,0.2,APR 16 2022,20482143
203925,Joe Harris,Nets,Guard-Forward,6-6,220,USA,1991-09-06T00:00:00,7,33,414,25.6,11.1,3.2,1.6,0.5,0.2,APR 16 2022,17357143
202699,Tobias Harris,76ers,Forward,6-7,226,USA,1992-07-15T00:00:00,10,19,753,31.4,16.4,6.2,2.3,0.7,0.5,APR 17 2022,36000000
1628404,Josh Hart,Trail Blazers,Guard,6-5,215,USA,1995-03-06T00:00:00,4,30,296,27.3,9.9,5.7,2.1,0.9,0.4,APR 16 2022,12000000
1628392,Isaiah Hartenstein,Clippers,Center-Forward,7-0,250,Germany,1998-05-05T00:00:00,3,43,165,13.7,5.8,3.9,1.5,0.5,0.8,APR 17 2022,3430810
2617,Udonis Haslem,Heat,Forward,6-8,235,USA,1980-06-09T00:00:00,18,Undrafted,872,24.8,7.5,6.6,0.8,0.5,0.3,APR 17 2022,2641691
1630573,Sam Hauser,Celtics,Forward,6-7,217,USA,1997-12-08T00:00:00,0,Undrafted,26,6.1,2.5,1.1,0.4,0.0,0.1,APR 16 2022,313737
1629637,Jaxson Hayes,Pelicans,Center-Forward,6-11,220,USA,2000-05-23T00:00:00,2,8,194,17.7,8.1,4.3,0.7,0.4,0.8,APR 17 2022,5348280
1630165,Killian Hayes,Pistons,Guard,6-5,195,France,2001-07-27T00:00:00,1,7,92,25.2,6.8,3.0,4.5,1.1,0.5,APR 17 2022,5572680
202330,Gordon Hayward,Hornets,Forward,6-7,225,USA,1990-03-23T00:00:00,11,9,734,31.1,15.6,4.5,3.5,1.0,0.4,APR 17 2022,29900000
1627823,Juancho Hernangomez,Jazz,Forward,6-9,214,Spain,1995-09-28T00:00:00,5,15,297,15.7,5.4,3.4,0.6,0.4,0.2,APR 17 2022,6175440
1626195,Willy Hernangomez,Pelicans,Center-Forward,6-11,250,Spain,1994-05-27T00:00:00,5,35,306,15.3,7.4,5.9,1.1,0.4,0.4,APR 16 2022,2327220
1629639,Tyler Herro,Heat,Guard,6-5,195,USA,2000-01-20T00:00:00,2,13,175,30.3,16.7,4.7,3.2,0.6,0.2,APR 16 2022,4004280
1627741,Buddy Hield,Pacers,Guard,6-4,220,Bahamas,1992-12-17T00:00:00,5,6,468,29.2,15.9,4.3,2.5,0.8,0.3,APR 17 2022,22477273
1629312,Haywood Highsmith,Heat,Forward,6-4,220,USA,1996-12-09T00:00:00,1,,24,8.5,2.2,1.3,0.3,0.1,0.1,APR 17 2022,290967
201588,George Hill,Bucks,Guard,6-4,188,USA,1986-05-04T00:00:00,13,26,869,27.2,10.7,3.0,3.1,0.9,0.3,APR 17 2022,4000000
1628988,Aaron Holiday,Suns,Guard,6-0,185,USA,1996-09-30T00:00:00,3,23,245,18.2,7.3,1.8,2.4,0.7,0.2,APR 17 2022,3980551
201950,Jrue Holiday,Bucks,Guard,6-3,205,USA,1990-06-12T00:00:00,12,17,839,33.2,16.2,4.0,6.4,1.5,0.5,APR 17 2022,30133333
203200,Justin Holiday,Kings,Forward-Guard,6-6,180,USA,1989-04-05T00:00:00,8,Undrafted,576,24.6,8.7,3.0,1.5,1.0,0.4,APR 17 2022,6006420
1626158,Richaun Holmes,Kings,Forward,6-10,235,USA,1993-10-15T00:00:00,6,37,376,21.1,9.6,5.8,1.1,0.6,1.1,APR 16 2022,10384500
203918,Rodney Hood,Clippers,Guard-Forward,6-8,208,USA,1992-10-20T00:00:00,7,23,448,24.5,10.4,2.6,1.6,0.7,0.2,APR 17 2022,2239544
201143,Al Horford,Celtics,Center-Forward,6-9,240,Dominican Republic,1986-06-03T00:00:00,14,3,950,32.2,13.7,8.2,3.3,0.8,1.2,APR 16 2022,27000000
1629659,Talen Horton-Tucker,Lakers,Guard,6-4,234,USA,2000-11-25T00:00:00,2,46,131,22.1,9.3,2.8,2.6,1.0,0.4,APR 16 2022,9500000
1627863,Danuel House Jr.,Jazz,Forward-Guard,6-6,220,USA,1993-06-07T00:00:00,5,Undrafted,204,24.4,8.5,3.6,1.3,0.7,0.4,APR 16 2022,2045094
2730,Dwight Howard,Lakers,Center-Forward,6-10,265,USA,1985-12-08T00:00:00,17,1,1242,31.8,15.7,11.8,1.3,0.9,1.8,APR 16 2022,2641691
1630190,Elijah Hughes,Trail Blazers,Guard,6-5,215,USA,1998-03-10T00:00:00,1,39,54,9.2,2.9,1.2,0.5,0.3,0.2,APR 17 2022,1517981
1629631,De'Andre Hunter,Hawks,Forward-Guard,6-8,221,USA,1997-12-02T00:00:00,2,4,139,30.7,13.2,4.1,1.6,0.7,0.4,APR 16 2022,7775400
1630538,Bones Hyland,Nuggets,Guard,6-2,169,USA,2000-09-14T00:00:00,0,26,69,19.0,10.1,2.7,2.8,0.6,0.3,APR 16 2022,2096880
201586,Serge Ibaka,Bucks,Forward,6-10,235,Republic of the Congo,1989-09-18T00:00:00,12,24,903,27.6,12.1,7.2,0.8,0.4,1.9,APR 17 2022,9742000
2738,Andre Iguodala,Warriors,Guard-Forward,6-6,215,USA,1984-01-28T00:00:00,17,9,1223,32.2,11.4,4.9,4.2,1.4,0.5,APR 17 2022,2641691
204060,Joe Ingles,Trail Blazers,Forward-Guard,6-8,220,Australia,1987-10-02T00:00:00,7,Undrafted,590,25.7,8.6,3.2,3.8,0.9,0.2,APR 16 2022,14000000
1627742,Brandon Ingram,Pelicans,Forward,6-8,190,USA,1997-09-02T00:00:00,5,2,368,32.8,18.5,5.2,3.8,0.7,0.6,APR 16 2022,29467800
202681,Kyrie Irving,Nets,Guard,6-2,195,Australia,1992-03-23T00:00:00,10,1,611,34.0,23.1,3.8,5.7,1.3,0.4,APR 17 2022,34916200
1628371,Jonathan Isaac,Magic,Forward,6-10,230,USA,1997-10-03T00:00:00,3,6,136,25.8,9.3,5.4,1.1,1.1,1.5,APR 17 2022,17400000
1628402,Frank Jackson,Pistons,Guard,6-3,205,USA,1998-05-04T00:00:00,3,31,213,18.2,8.5,1.8,1.0,0.4,0.1,APR 16 2022,3000000
1630543,Isaiah Jackson,Pacers,Forward,6-10,205,USA,2002-01-10T00:00:00,0,22,36,15.0,8.3,4.1,0.3,0.7,1.4,APR 16 2022,2451120
1628367,Josh Jackson,Kings,Guard-Forward,6-8,207,USA,1997-02-10T00:00:00,4,4,291,23.1,11.3,4.0,1.8,0.9,0.6,APR 17 2022,5005350
202704,Reggie Jackson,Clippers,Guard,6-2,208,USA,1990-04-16T00:00:00,10,24,703,25.6,13.1,3.0,4.3,0.7,0.1,APR 17 2022,10384500
1628991,Jaren Jackson Jr.,Grizzlies,Forward-Center,6-11,242,USA,1999-09-15T00:00:00,3,4,204,27.1,15.8,5.1,1.2,0.9,1.8,APR 17 2022,9180560
2544,Lebron James,Lakers,Forward,6-9,250,USA,1984-12-30T00:00:00,18,1,1366,38.2,27.1,7.5,7.4,1.6,0.8,APR 17 2022,41180544
1629660,Ty Jerome,Thunder,Guard-Forward,6-5,195,USA,1997-07-08T00:00:00,2,24,112,17.1,7.1,1.9,2.4,0.6,0.1,APR 16 2022,2412840
1630198,Isaiah Joe,76ers,Guard,6-4,165,USA,1999-07-02T00:00:00,1,49,96,10.3,3.7,1.0,0.6,0.3,0.1,APR 17 2022,1517981
1630552,Jalen Johnson,Hawks,Forward,6-8,219,USA,2001-12-18T00:00:00,0,20,22,5.5,2.4,1.2,0.1,0.1,0.1,APR 16 2022,2659560
1629640,Keldon Johnson,Spurs,Forward-Guard,6-6,220,USA,1999-10-11T00:00:00,2,29,161,28.9,14.4,5.8,1.8,0.7,0.2,APR 16 2022,2553120
1630553,Keon Johnson,Trail Blazers,Guard,6-4,185,USA,2002-03-10T00:00:00,0,21,37,18.8,7.2,2.2,2.1,0.8,0.3,APR 16 2022,4437000
1626169,Stanley Johnson,Lakers,Forward-Guard,6-6,242,USA,1996-05-29T00:00:00,6,8,419,20.1,6.3,3.1,1.5,0.9,0.2,APR 17 2022,24830357
203999,Nikola Jokic,Nuggets,Center,6-11,284,Serbia,1995-02-19T00:00:00,6,41,527,30.4,19.7,10.4,6.2,1.2,0.7,APR 17 2022,30510423
1627745,Damian Jones,Kings,Center,6-11,245,USA,1995-06-30T00:00:00,5,30,199,15.2,5.6,3.4,0.8,0.4,0.7,,1977011
1630529,Herbert Jones,Pelicans,Forward,6-7,206,USA,1998-10-06T00:00:00,0,35,78,29.9,9.5,3.8,2.1,1.7,0.8,,1700000
1630539,Kai Jones,Hornets,Center-Forward,6-10,221,Bahamas,2001-01-19T00:00:00,0,19,21,3.0,1.0,0.5,0.2,0.0,0.1,,2770560
1630200,Tre Jones,Spurs,Guard,6-1,185,USA,2000-01-08T00:00:00,1,41,106,13.4,4.8,1.7,2.6,0.5,0.1,,1517981
1626145,Tyus Jones,Grizzlies,Guard,6-0,196,USA,1996-05-10T00:00:00,6,24,455,18.4,6.2,1.8,3.7,1.0,0.1,,7522200
1627884,Derrick Jones Jr.,Bulls,Forward,6-6,210,USA,1997-02-15T00:00:00,5,Undrafted,280,19.8,6.5,3.4,0.7,0.7,0.7,,9720900
201599,Deandre Jordan,76ers,Center,6-11,265,USA,1988-07-21T00:00:00,13,35,980,26.7,9.1,10.3,1.0,0.5,1.5,,11109327
202709,Cory Joseph,Pistons,Guard,6-3,200,Canada,1991-08-20T00:00:00,10,29,728,22.2,7.1,2.6,3.0,0.8,0.2,,7310000
1628379,Luke Kennard,Clippers,Guard,6-5,206,USA,1996-06-24T00:00:00,4,12,297,23.5,10.0,2.9,2.0,0.5,0.1,,12727273
1630557,Corey Kispert,Wizards,Forward,6-6,224,USA,1999-03-03T00:00:00,0,15,77,23.4,8.2,2.7,1.1,0.5,0.3,,3383640
1628467,Maxi Kleber,Mavericks,Forward,6-10,240,Germany,1992-01-29T00:00:00,4,Undrafted,326,22.7,7.1,4.8,1.1,0.4,0.9,,8750000
1628995,Kevin Knox Ii,Hawks,Forward,6-7,215,USA,1999-08-11T00:00:00,3,9,212,18.9,7.7,2.9,0.8,0.4,0.3,,5845978
1629723,John Konchar,Grizzlies,Guard,6-5,210,USA,1996-03-22T00:00:00,2,Undrafted,134,15.3,4.4,3.8,1.3,0.6,0.3,,2197674
1627788,Furkan Korkmaz,76ers,Guard-Forward,6-7,202,Turkey,1997-07-24T00:00:00,4,26,256,18.7,7.9,2.2,1.3,0.6,0.1,,4629630
1628436,Luke Kornet,Celtics,Center-Forward,7-2,250,USA,1995-07-15T00:00:00,4,Undrafted,148,14.3,5.5,2.6,1.0,0.3,0.8,,606702
1630249,Vit Krejci,Thunder,Guard,6-8,195,Czech Republic,2000-06-19T00:00:00,0,37,30,23.0,6.2,3.4,1.9,0.6,0.3,,925258
1630228,Jonathan Kuminga,Warriors,Forward,6-7,225,DRC,2002-10-06T00:00:00,0,7,70,16.9,9.3,3.3,0.9,0.4,0.3,,5466360
1628398,Kyle Kuzma,Wizards,Forward,6-9,221,USA,1995-07-24T00:00:00,4,27,342,30.4,15.6,6.2,2.2,0.6,0.5,,13000000
203897,Zach Lavine,Bulls,Guard-Forward,6-5,200,USA,1995-03-10T00:00:00,7,13,478,31.8,19.8,3.9,3.9,0.9,0.3,,19500000
203087,Jeremy Lamb,Kings,Guard-Forward,6-5,180,USA,1992-05-30T00:00:00,9,12,573,20.8,10.1,3.6,1.6,0.7,0.4,,10500000
1629111,Jock Landale,Spurs,Center,6-11,255,Australia,1995-10-25T00:00:00,0,Undrafted,54,10.9,4.9,2.6,0.8,0.2,0.3,,925258
1629641,Romeo Langford,Spurs,Guard-Forward,6-5,216,USA,1999-10-25T00:00:00,2,14,98,14.5,3.6,1.9,0.5,0.4,0.3,,3804360
1627774,Jake Layman,Timberwolves,Forward,6-8,209,USA,1994-03-07T00:00:00,5,47,243,12.8,4.8,1.7,0.5,0.4,0.3,,3940184
1627747,Caris Levert,Cavaliers,Guard,6-6,205,USA,1994-08-25T00:00:00,5,20,318,27.5,14.6,3.8,4.0,1.1,0.3,,17500000
1627814,Damion Lee,Warriors,Guard-Forward,6-5,210,USA,1992-10-21T00:00:00,4,Undrafted,216,21.0,8.2,3.5,1.4,0.7,0.1,,1910860
1630240,Saben Lee,Pistons,Guard,6-2,183,USA,1999-06-23T00:00:00,1,38,85,16.3,5.6,2.2,3.3,0.8,0.3,,1489065
203458,Alex Len,Kings,Center,7-0,250,Ukraine,1993-06-16T00:00:00,8,5,570,18.9,7.7,5.9,0.9,0.4,1.0,,3731707
202695,Kawhi Leonard,Clippers,Forward,6-7,225,USA,1991-06-29T00:00:00,10,15,576,31.3,19.2,6.4,2.9,1.8,0.6,,39344900
1630184,Kira Lewis Jr.,Pelicans,Guard,6-1,170,USA,2001-04-06T00:00:00,1,13,78,16.0,6.2,1.4,2.2,0.6,0.1,,3822240
203081,Damian Lillard,Trail Blazers,Guard,6-2,195,USA,1990-07-15T00:00:00,9,6,711,36.3,24.6,4.2,6.6,1.0,0.3,,39344900
1629642,Nassir Little,Trail Blazers,Forward-Guard,6-5,220,USA,2000-02-11T00:00:00,2,25,138,16.7,5.8,3.4,0.7,0.3,0.5,,2316240
1630587,Isaiah Livers,Pistons,Forward,6-6,232,USA,1998-07-28T00:00:00,0,42,19,20.2,6.4,3.0,1.1,0.7,0.4,,1057260
1626172,Kevon Looney,Warriors,Forward,6-9,222,USA,1996-02-06T00:00:00,6,30,367,16.4,4.7,4.8,1.4,0.5,0.6,,5178572
201572,Brook Lopez,Bucks,Center,7-0,282,USA,1988-04-01T00:00:00,13,10,868,30.2,16.4,6.2,1.4,0.6,1.8,,13302325
201577,Robin Lopez,Magic,Center,7-0,281,USA,1988-04-01T00:00:00,13,15,939,21.9,8.7,4.9,0.8,0.2,1.1,,5000000
1629712,Didi Louzada,Trail Blazers,Guard,6-5,188,Brazil,1999-07-02T00:00:00,1,35,12,15.5,3.6,1.7,0.7,0.3,0.2,,1786878
201567,Kevin Love,Cavaliers,Forward-Center,6-8,251,USA,1988-09-07T00:00:00,13,5,812,30.9,17.6,10.7,2.4,0.7,0.4,,31300000
200768,Kyle Lowry,Heat,Guard,6-0,196,USA,1986-03-25T00:00:00,15,24,1023,31.9,14.8,4.4,6.3,1.3,0.3,,26984128
1627789,Timothe Luwawu-Cabarrot,Hawks,Guard-Forward,6-7,215,France,1995-05-09T00:00:00,5,24,328,16.0,5.9,2.0,0.9,0.4,0.1,,1939350
1626168,Trey Lyles,Kings,Forward,6-9,234,Canada,1995-11-05T00:00:00,6,12,449,18.3,7.8,4.3,1.1,0.4,0.3,,2500000
1630177,Theo Maledon,Thunder,Guard,6-4,175,France,2001-06-12T00:00:00,1,34,116,23.2,8.8,2.9,2.9,0.8,0.2,,2000000
1629611,Terance Mann,Clippers,Guard-Forward,6-5,215,USA,1996-10-18T00:00:00,2,48,189,20.9,7.6,3.8,1.9,0.5,0.2,,2901240
1626246,Boban Marjanovic,Mavericks,Center,7-3,290,Serbia,1988-08-15T00:00:00,6,Undrafted,286,9.2,5.9,3.8,0.5,0.2,0.3,,3500000
1628374,Lauri Markkanen,Cavaliers,Forward-Center,6-11,240,Finland,1997-05-22T00:00:00,4,7,282,29.7,15.4,6.8,1.3,0.7,0.5,,15690909
1630230,Naji Marshall,Pelicans,Forward,6-7,220,USA,1998-01-24T00:00:00,1,Undrafted,87,16.5,6.4,3.3,1.7,0.7,0.2,,1517981
1628997,Caleb Martin,Heat,Forward,6-5,205,USA,1995-09-28T00:00:00,2,Undrafted,131,19.1,7.1,3.1,1.2,0.8,0.4,,527614
1628998,Cody Martin,Hornets,Forward,6-6,205,USA,1995-09-28T00:00:00,2,36,171,21.2,5.8,3.5,2.1,1.0,0.3,,1782621
1630231,Kenyon Martin Jr.,Rockets,Forward,6-5,215,USA,2001-01-06T00:00:00,1,52,124,22.0,9.0,4.3,1.2,0.5,0.7,,1517981
1629726,Garrison Mathews,Rockets,Guard,6-5,215,USA,1996-10-24T00:00:00,2,Undrafted,147,20.3,7.5,2.0,0.7,0.6,0.2,,1093598
202083,Wesley Matthews,Bucks,Guard,6-4,220,USA,1986-10-14T00:00:00,12,Undrafted,898,30.5,12.2,2.9,2.0,1.0,0.2,,1958501
1630178,Tyrese Maxey,76ers,Guard,6-2,200,USA,2000-11-04T00:00:00,1,21,136,26.4,13.2,2.5,3.2,0.6,0.3,,2602920
1630219,Skylar Mays,Hawks,Guard,6-4,205,USA,1997-09-05T00:00:00,1,50,61,8.0,3.3,1.0,0.8,0.3,0.0,,34231
1630540,Miles Mcbride,Knicks,Guard,6-1,195,USA,2000-09-08T00:00:00,0,36,40,9.3,2.2,1.1,1.0,0.4,0.0,,5557725
203468,Cj Mccollum,Pelicans,Guard,6-3,190,USA,1991-09-19T00:00:00,8,10,590,31.6,19.2,3.5,3.5,0.9,0.4,,30864198
204456,T.J. Mcconnell,Pacers,Guard,6-1,190,USA,1992-03-25T00:00:00,6,,481,22.2,6.9,3.0,5.0,1.3,0.2,,7500000
1629667,Jalen Mcdaniels,Hornets,Forward-Center,6-9,205,USA,1998-01-31T00:00:00,2,52,118,17.7,6.6,3.4,1.1,0.5,0.4,,2063280
203926,Doug Mcdermott,Spurs,Forward,6-7,225,USA,1992-01-03T00:00:00,7,11,527,20.9,9.2,2.3,0.9,0.2,0.1,,13750000
201580,Javale Mcgee,Suns,Center-Forward,7-0,270,USA,1988-01-19T00:00:00,13,18,821,17.0,8.0,5.3,0.4,0.4,1.5,,5000000
203585,Rodney Mcgruder,Pistons,Guard,6-4,205,USA,1991-07-29T00:00:00,5,Undrafted,285,19.8,5.8,2.8,1.2,0.5,0.2,,1939350
1629162,Jordan Mclaughlin,Timberwolves,Guard,5-11,185,USA,1996-04-09T00:00:00,2,Undrafted,143,17.0,5.0,1.8,3.5,1.0,0.1,,1669178
203463,Ben Mclemore,Trail Blazers,Guard,6-3,195,USA,1993-02-11T00:00:00,8,7,556,22.5,9.0,2.3,1.0,0.6,0.2,,2389641
1629001,De'Anthony Melton,Grizzlies,Guard,6-2,200,USA,1998-05-28T00:00:00,3,46,235,20.7,8.4,3.6,2.8,1.3,0.5,,8437500
1629002,Chimezie Metu,Kings,Forward-Center,6-9,225,USA,1997-03-22T00:00:00,3,49,143,14.1,6.1,3.6,0.8,0.5,0.4,,1762796
203114,Khris Middleton,Bucks,Forward,6-7,222,USA,1991-08-12T00:00:00,9,39,651,31.8,17.1,4.9,3.8,1.2,0.2,,35500000
201988,Patty Mills,Nets,Guard,6-0,180,Australia,1988-08-11T00:00:00,12,55,820,20.7,9.2,1.7,2.3,0.7,0.1,,5890000
200794,Paul Millsap,76ers,Forward,6-7,257,USA,1985-02-10T00:00:00,15,47,1085,28.1,13.4,7.1,2.2,1.2,1.0,,2641691
1629003,Shake Milton,76ers,Guard-Forward,6-5,205,USA,1996-09-26T00:00:00,3,54,178,20.9,9.7,2.3,2.6,0.5,0.3,,1846738
1630558,Davion Mitchell,Kings,Guard,6-0,202,USA,1998-09-05T00:00:00,0,9,75,27.7,11.5,2.2,4.2,0.7,0.3,,4603320
1628378,Donovan Mitchell,Jazz,Guard,6-1,215,USA,1996-09-07T00:00:00,4,13,345,33.7,23.9,4.2,4.5,1.3,0.3,,28103550
1630596,Evan Mobley,Cavaliers,Center,6-11,215,USA,2001-06-18T00:00:00,0,3,69,33.8,15.0,8.3,2.5,0.8,1.7,,8075160
1628370,Malik Monk,Lakers,Guard,6-3,200,USA,1998-02-04T00:00:00,4,11,309,20.4,10.3,2.3,2.0,0.5,0.2,,1789256
202328,Greg Monroe,Timberwolves,Forward-Center,6-10,250,USA,1990-06-04T00:00:00,9,7,646,27.4,13.0,8.2,2.1,1.1,0.6,,55208
1630541,Moses Moody,Warriors,Guard,6-5,211,USA,2002-05-31T00:00:00,0,14,52,11.7,4.4,1.5,0.4,0.1,0.2,,3562080
1629630,Ja Morant,Grizzlies,Guard,6-3,174,USA,1999-08-10T00:00:00,2,2,187,32.2,21.2,4.5,7.1,1.0,0.3,,9603360
1629752,Juwan Morgan,Celtics,Forward,6-7,232,USA,1997-04-17T00:00:00,2,Undrafted,52,6.0,1.5,1.2,0.3,0.1,0.1,,19186
202693,Markieff Morris,Heat,Forward,6-9,245,USA,1989-09-02T00:00:00,10,13,715,24.8,10.9,5.2,1.6,0.8,0.5,,2641691
1628420,Monte Morris,Nuggets,Guard,6-2,183,USA,1995-06-27T00:00:00,4,51,280,25.2,10.5,2.3,3.7,0.8,0.2,,8333333
202694,Marcus Morris Sr.,Clippers,Forward,6-8,218,USA,1989-09-02T00:00:00,10,14,718,27.1,12.4,4.6,1.5,0.7,0.3,,15627907
1630530,Trey Murphy Iii,Pelicans,Forward,6-8,206,USA,2000-06-18T00:00:00,0,17,62,13.9,5.4,2.4,0.6,0.4,0.1,,3053760
1627749,Dejounte Murray,Spurs,Guard,6-4,180,USA,1996-09-19T00:00:00,4,29,320,25.8,12.5,6.0,4.8,1.4,0.3,,15428571
1627750,Jamal Murray,Nuggets,Guard,6-3,215,Canada,1997-02-23T00:00:00,5,7,345,30.1,16.3,3.6,3.8,1.0,0.3,,31590000
203488,Mike Muscala,Thunder,Forward-Center,6-10,240,USA,1991-07-01T00:00:00,8,44,432,15.5,6.2,3.2,0.9,0.3,0.5,,3500000
1629004,Svi Mykhailiuk,Raptors,Guard-Forward,6-7,205,Ukraine,1997-06-10T00:00:00,3,47,220,17.0,6.6,1.8,1.4,0.6,0.1,,1729217
1626204,Larry Nance Jr.,Pelicans,Forward-Center,6-7,245,USA,1993-01-01T00:00:00,6,27,396,24.1,8.1,6.5,1.9,1.2,0.5,,10690909
1630612,Rj Nembhard Jr.,Cavaliers,Guard,6-4,200,USA,1999-03-22T00:00:00,0,Undrafted,14,4.5,1.1,0.5,0.9,0.1,0.0,,58493
1630174,Aaron Nesmith,Celtics,Guard-Forward,6-5,215,USA,1999-10-16T00:00:00,1,14,98,12.7,4.2,2.2,0.5,0.4,0.1,,3631200
203526,Raul Neto,Wizards,Guard,6-2,180,Brazil,1992-05-19T00:00:00,6,47,387,16.2,6.0,1.6,2.2,0.7,0.1,,2089448
1627777,Georges Niang,76ers,Forward,6-7,230,USA,1993-06-17T00:00:00,5,50,305,14.6,6.1,2.0,0.8,0.3,0.1,,3300000
1630227,Daishen Nix,Rockets,Guard,6-4,226,USA,2002-02-13T00:00:00,0,Undrafted,24,10.9,3.2,1.4,1.7,0.6,0.0,,292466
1630192,Zeke Nnaji,Nuggets,Forward-Center,6-9,240,USA,2001-01-09T00:00:00,1,22,83,13.2,4.9,2.6,0.3,0.3,0.2,,2498760
203457,Nerlens Noel,Knicks,Center-Forward,6-11,220,USA,1994-04-10T00:00:00,7,6,450,22.4,7.3,6.2,1.1,1.3,1.5,,8800000
1629669,Jaylen Nowell,Timberwolves,Guard,6-4,201,USA,1999-07-09T00:00:00,2,43,119,15.8,8.1,1.9,1.8,0.4,0.2,,1782621
1628373,Frank Ntilikina,Mavericks,Guard,6-4,200,France,1998-07-28T00:00:00,4,8,269,17.9,5.2,1.8,2.3,0.7,0.2,,1789256
1629134,Kendrick Nunn,Lakers,Guard,6-2,190,USA,1995-08-03T00:00:00,2,Undrafted,123,29.4,15.0,2.9,3.0,0.9,0.2,,5000000
203994,Jusuf Nurkic,Trail Blazers,Center,6-11,290,Bosnia and Herzegovina,1994-08-23T00:00:00,7,16,411,23.9,12.2,8.5,2.2,0.9,1.2,,12000000
1628021,David Nwaba,Rockets,Guard-Forward,6-5,219,USA,1993-01-14T00:00:00,5,Undrafted,237,19.3,6.8,3.7,1.0,0.7,0.4,,4650000
1629670,Jordan Nwora,Bucks,Forward,6-8,225,USA,1998-09-09T00:00:00,1,45,92,15.9,7.2,3.1,0.7,0.5,0.3,,1517981
1626220,Royce O'Neale,Jazz,Forward,6-5,226,USA,1993-06-05T00:00:00,4,Undrafted,370,25.7,6.2,4.8,2.1,0.8,0.4,,8678571
1629643,Chuma Okeke,Magic,Forward,6-6,229,USA,1998-08-18T00:00:00,1,16,115,25.1,8.3,4.6,1.9,1.3,0.6,,3277080
1629006,Josh Okogie,Timberwolves,Guard,6-4,213,Nigeria,1998-09-01T00:00:00,3,20,244,20.6,6.4,2.9,1.1,1.0,0.4,,4087904
1630168,Onyeka Okongwu,Hawks,Forward-Center,6-8,240,USA,2000-12-11T00:00:00,1,6,98,16.3,6.3,4.6,0.7,0.6,0.9,,6104280
1630171,Isaac Okoro,Cavaliers,Forward-Guard,6-5,225,USA,2001-01-26T00:00:00,1,5,134,31.0,9.2,3.0,1.9,0.9,0.3,,6720720
203506,Victor Oladipo,Heat,Guard,6-4,213,USA,1992-05-04T00:00:00,8,2,462,32.8,17.4,4.6,3.9,1.6,0.5,,2389641
203482,Kelly Olynyk,Pistons,Forward-Center,6-11,240,Canada,1991-04-19T00:00:00,8,13,610,22.0,10.1,5.1,2.0,0.8,0.5,,12195122
1626224,Cedi Osman,Cavaliers,Forward,6-7,230,Turkey,1995-04-08T00:00:00,4,31,327,24.5,10.0,3.2,2.1,0.7,0.1,,8050000
1626162,Kelly Oubre Jr.,Hornets,Forward-Guard,6-6,203,USA,1995-12-09T00:00:00,6,15,479,25.2,12.0,4.3,1.0,0.9,0.5,,12000000
1629672,Eric Paschall,Jazz,Forward,6-6,255,USA,1996-11-04T00:00:00,2,41,158,19.5,9.8,3.2,1.4,0.3,0.2,,1782621
101108,Chris Paul,Suns,Guard,6-0,175,USA,1985-05-06T00:00:00,16,4,1155,34.5,18.1,4.5,9.5,2.1,0.1,,30800000
1626166,Cameron Payne,Suns,Guard,6-1,183,USA,1994-08-08T00:00:00,6,14,279,17.9,7.6,2.2,3.2,0.7,0.2,,6500000
203901,Elfrid Payton,Suns,Guard,6-3,195,USA,1994-02-22T00:00:00,7,10,500,26.8,10.1,4.0,5.7,1.2,0.3,,2239544
1627780,Gary Payton Ii,Warriors,Guard,6-3,195,USA,1992-12-01T00:00:00,5,Undrafted,142,14.5,5.2,2.8,1.1,1.0,0.3,,1939350
203486,Mason Plumlee,Hornets,Forward-Center,6-11,254,USA,1990-03-05T00:00:00,8,22,661,22.3,8.3,6.6,2.4,0.8,0.9,,8137500
1627751,Jakob Poeltl,Spurs,Center,7-1,245,Austria,1995-10-15T00:00:00,5,9,416,20.2,7.3,6.1,1.4,0.5,1.3,,8750000
1630197,Aleksej Pokusevski,Thunder,Forward,7-0,190,Serbia,2001-12-26T00:00:00,1,17,106,21.9,7.8,5.0,2.2,0.6,0.8,,3113160
1629673,Jordan Poole,Warriors,Guard,6-4,194,USA,1999-06-19T00:00:00,2,28,184,24.7,13.7,2.6,2.9,0.7,0.2,,2161440
1629645,Kevin Porter Jr.,Rockets,Guard-Forward,6-4,203,USA,2000-05-04T00:00:00,2,30,137,28.5,13.7,3.9,4.7,1.0,0.3,,4253357
1629008,Michael Porter Jr.,Nuggets,Forward,6-10,218,USA,1998-06-29T00:00:00,2,14,125,24.6,14.1,6.1,1.1,0.6,0.6,,5258735
203490,Otto Porter Jr.,Warriors,Forward,6-8,198,USA,1993-06-03T00:00:00,8,3,504,26.0,10.6,5.1,1.5,1.1,0.4,,2389641
1626171,Bobby Portis,Bucks,Forward,6-10,250,USA,1995-02-10T00:00:00,6,22,453,21.7,11.1,6.6,1.2,0.6,0.4,,4347600
204001,Kristaps Porzingis,Wizards,Forward-Center,7-3,240,Latvia,1995-08-02T00:00:00,5,4,337,30.8,18.9,7.9,1.6,0.7,1.9,,31650600
203939,Dwight Powell,Mavericks,Forward-Center,6-10,240,Canada,1991-07-20T00:00:00,7,45,511,19.0,7.7,4.6,1.0,0.6,0.5,,11000000
1626181,Norman Powell,Clippers,Guard,6-3,215,USA,1993-05-25T00:00:00,6,46,421,22.4,11.3,2.6,1.5,0.8,0.3,,15517242
1630563,Joshua Primo,Spurs,Guard,6-4,189,Canada,2002-12-24T00:00:00,0,12,50,19.3,5.8,2.3,1.6,0.4,0.5,,3946800
1627752,Taurean Prince,Timberwolves,Forward,6-6,218,USA,1994-03-22T00:00:00,5,12,370,24.2,10.5,3.9,1.7,0.8,0.4,,15057692
1630202,Payton Pritchard,Celtics,Guard,6-1,195,USA,1998-01-28T00:00:00,1,26,137,16.6,6.9,2.1,1.9,0.5,0.1,,2137440
1630193,Immanuel Quickley,Knicks,Guard,6-3,190,USA,1999-06-17T00:00:00,1,25,142,21.5,11.4,2.7,2.8,0.6,0.1,,2210640
203944,Julius Randle,Knicks,Forward-Center,6-8,250,USA,1994-11-29T00:00:00,7,7,518,31.2,17.7,9.3,3.6,0.7,0.5,,19800000
1630559,Austin Reaves,Lakers,Guard,6-5,197,USA,1998-05-29T00:00:00,0,Undrafted,61,23.2,7.3,3.2,1.8,0.5,0.3,,925258
1629629,Cam Reddish,Knicks,Forward-Guard,6-8,217,USA,1999-09-01T00:00:00,2,10,133,24.9,10.5,3.2,1.3,1.1,0.4,,4670160
1630194,Paul Reed,76ers,Forward,6-9,210,USA,1999-06-14T00:00:00,1,58,64,7.5,3.2,2.4,0.4,0.7,0.4,,1517981
1629675,Naz Reid,Timberwolves,Center-Forward,6-9,264,USA,1999-08-26T00:00:00,2,Undrafted,177,17.3,9.5,4.2,1.0,0.5,1.0,,1782621
1630208,Nick Richards,Hornets,Center,7-0,245,Jamaica,1997-11-29T00:00:00,1,42,68,6.3,2.4,1.4,0.2,0.1,0.3,,1517981
1626196,Josh Richardson,Spurs,Guard,6-5,200,USA,1993-09-15T00:00:00,6,40,438,29.8,12.0,3.1,2.7,1.1,0.6,,11615328
203085,Austin Rivers,Nuggets,Guard,6-4,200,USA,1992-08-01T00:00:00,9,10,655,24.2,8.8,2.1,2.2,0.7,0.2,,2401537
1629130,Duncan Robinson,Heat,Forward,6-7,215,USA,1994-04-22T00:00:00,3,Undrafted,239,27.7,11.9,2.9,1.5,0.5,0.2,,15560000
1629011,Mitchell Robinson,Knicks,Center-Forward,7-0,240,USA,1998-04-01T00:00:00,3,36,230,23.8,8.4,7.5,0.6,0.9,2.0,,1802057
1630526,Jeremiah Robinson-Earl,Thunder,Forward,6-8,242,USA,2000-11-03T00:00:00,0,32,49,22.2,7.5,5.6,1.0,0.6,0.3,,2000000
1629676,Isaiah Roby,Thunder,Forward,6-8,230,USA,1998-02-03T00:00:00,2,45,109,21.9,9.1,5.1,1.6,0.8,0.7,,1782621
200765,Rajon Rondo,Cavaliers,Guard,6-1,180,USA,1986-02-22T00:00:00,15,21,957,29.9,9.8,4.5,7.9,1.6,0.1,,2641691
201565,Derrick Rose,Knicks,Guard,6-2,200,USA,1988-10-04T00:00:00,12,1,672,31.7,18.2,3.3,5.4,0.8,0.3,,13445120
203082,Terrence Ross,Magic,Guard-Forward,6-6,206,USA,1991-02-05T00:00:00,9,8,670,24.8,11.2,2.8,1.3,0.8,0.3,,12500000
1626179,Terry Rozier,Hornets,Guard,6-1,190,USA,1994-03-17T00:00:00,6,16,477,26.1,12.7,3.9,3.2,0.9,0.2,,17905263
201937,Ricky Rubio,Pacers,Guard,6-2,190,Spain,1990-10-21T00:00:00,10,5,665,30.3,11.1,4.2,7.6,1.8,0.1,,17809524
1626156,D'Angelo Russell,Timberwolves,Guard,6-4,193,USA,1996-02-23T00:00:00,6,2,424,29.4,17.7,3.5,5.6,1.1,0.3,,30013500
1627734,Domantas Sabonis,Kings,Forward-Center,6-11,240,Lithuania,1996-05-03T00:00:00,5,11,415,28.4,14.4,9.2,3.6,0.7,0.4,,18562500
203967,Dario Saric,Suns,Forward-Center,6-10,225,Croatia,1994-04-08T00:00:00,5,12,356,25.2,11.7,5.9,2.0,0.6,0.2,,9000000
203107,Tomas Satoransky,Wizards,Guard,6-7,210,Czech Republic,1991-10-30T00:00:00,5,32,388,22.2,6.9,2.9,4.1,0.8,0.2,,10468119
203471,Dennis Schroder,Rockets,Guard,6-1,172,Germany,1993-09-15T00:00:00,8,17,621,26.5,14.2,2.9,4.7,0.8,0.1,,5890000
1630578,Alperen Sengun,Rockets,Center,6-10,243,Turkey,2002-07-25T00:00:00,0,16,72,20.7,9.6,5.5,2.6,0.8,0.9,,3214680
1629012,Collin Sexton,Cavaliers,Guard,6-1,190,USA,1999-01-04T00:00:00,3,8,218,32.9,20.0,3.0,3.3,0.8,0.1,,6349671
1629013,Landry Shamet,Suns,Guard,6-4,190,USA,1997-03-13T00:00:00,3,26,262,23.3,9.0,1.8,1.6,0.4,0.1,,3768342
1630549,Day'Ron Sharpe,Nets,Forward,6-9,265,USA,2001-11-06T00:00:00,0,29,32,12.2,6.2,5.0,0.5,0.3,0.5,,2009040
1627783,Pascal Siakam,Raptors,Forward,6-8,230,Cameroon,1994-04-02T00:00:00,5,27,400,29.5,15.7,6.3,3.1,0.9,0.7,,31320000
1627732,Ben Simmons,Nets,Guard-Forward,6-11,240,Australia,1996-07-20T00:00:00,4,1,275,33.9,15.9,8.1,7.7,1.7,0.7,,31590000
1630250,Marko Simonovic,Bulls,Center,6-11,220,Montenegro,1999-10-15T00:00:00,0,44,9,3.9,1.9,1.1,0.0,0.1,0.1,,925258
1629014,Anfernee Simons,Trail Blazers,Guard,6-3,181,USA,1999-06-08T00:00:00,3,24,211,20.7,10.2,2.2,2.0,0.4,0.1,,3938818
203935,Marcus Smart,Celtics,Guard,6-4,220,USA,1994-03-06T00:00:00,7,6,520,29.8,10.5,3.6,4.5,1.6,0.4,,14339285
202397,Ish Smith,Wizards,Guard,6-0,175,USA,1988-07-05T00:00:00,11,Undrafted,719,20.0,7.6,2.5,3.9,0.7,0.3,,4500000
1630188,Jalen Smith,Pacers,Forward-Center,6-10,215,USA,2000-03-16T00:00:00,1,10,78,13.8,6.7,4.4,0.4,0.2,0.6,,4458000
1630270,Xavier Sneed,Jazz,Forward,6-5,215,USA,1997-12-21T00:00:00,0,Undrafted,9,4.3,0.6,0.7,0.1,0.0,0.0,,1563518
203503,Tony Snell,Pelicans,Guard,6-6,213,USA,1991-11-10T00:00:00,8,20,601,21.8,6.1,2.3,1.1,0.4,0.2,,2389641
1630531,Jaden Springer,76ers,Guard,6-4,202,USA,2002-09-25T00:00:00,0,28,2,2.8,1.0,1.0,0.0,0.0,1.0,,2023800
202362,Lance Stephenson,Pacers,Forward,6-5,210,USA,1990-09-05T00:00:00,9,40,554,22.9,8.6,4.1,2.9,0.6,0.1,,924730
1630205,Lamar Stevens,Cavaliers,Forward,6-6,230,USA,1997-07-09T00:00:00,1,Undrafted,103,14.7,5.3,2.5,0.7,0.5,0.3,,1517981
1630191,Isaiah Stewart,Pistons,Forward-Center,6-8,250,USA,2001-05-22T00:00:00,1,16,139,23.5,8.1,7.7,1.0,0.4,1.2,,3277080
1629622,Max Strus,Heat,Guard-Forward,6-5,215,USA,1996-03-28T00:00:00,2,Undrafted,109,19.3,8.8,2.2,1.1,0.4,0.2,,1669178
1630591,Jalen Suggs,Magic,Guard,6-5,205,USA,2001-06-03T00:00:00,0,5,48,27.2,11.8,3.6,4.4,1.2,0.4,,6593040
1630256,Jae'Sean Tate,Rockets,Forward,6-4,230,USA,1995-10-28T00:00:00,1,Undrafted,148,27.7,11.6,5.4,2.7,1.1,0.5,,1517981
1628369,Jayson Tatum,Celtics,Forward-Guard,6-8,210,USA,1998-03-03T00:00:00,4,3,365,33.4,20.9,6.6,3.0,1.1,0.7,,28103550
1630678,Terry Taylor,Pacers,Forward,6-5,230,USA,1999-09-23T00:00:00,0,Undrafted,33,21.6,9.6,5.2,1.2,0.4,0.2,,21270
202066,Garrett Temple,Pelicans,Guard-Forward,6-5,195,USA,1986-05-08T00:00:00,11,Undrafted,691,21.4,6.4,2.3,1.7,0.8,0.3,,4910000
1630179,Tyrell Terry,Grizzlies,Guard,6-2,160,USA,2000-09-28T00:00:00,1,31,13,4.6,1.0,0.5,0.5,0.4,0.0,,1517981
1628464,Daniel Theis,Celtics,Forward-Center,6-9,245,Germany,1992-04-04T00:00:00,4,Undrafted,306,19.6,7.6,4.9,1.3,0.5,0.9,,8372093
1630560,Cam Thomas,Nets,Guard,6-3,210,Japan,2001-10-13T00:00:00,0,27,67,17.6,8.5,2.4,1.2,0.5,0.1,,2036280
202738,Isaiah Thomas,Hornets,Guard,5-9,185,USA,1989-02-07T00:00:00,10,60,550,28.3,17.7,2.4,4.8,0.9,0.1,,276039
1629744,Matt Thomas,Bulls,Guard,6-3,190,USA,1994-08-04T00:00:00,2,Undrafted,126,9.7,4.0,1.2,0.5,0.2,0.0,,1669178
202691,Klay Thompson,Warriors,Guard,6-6,220,USA,1990-02-08T00:00:00,8,11,647,32.9,19.5,3.5,2.3,0.9,0.5,,37980720
202684,Tristan Thompson,Bulls,Center-Forward,6-9,254,Canada,1991-03-13T00:00:00,10,4,730,26.8,9.0,8.4,1.0,0.5,0.7,,10720900
1630550,Jt Thor,Hornets,Forward,6-9,203,USA,2002-08-26T00:00:00,0,37,33,7.9,2.0,1.3,0.6,0.2,0.3,,1250000
1629680,Matisse Thybulle,76ers,Guard-Forward,6-5,201,USA,1997-03-04T00:00:00,2,20,196,21.8,4.8,1.9,1.1,1.6,1.0,,2840160
1629681,Killian Tillie,Grizzlies,Forward-Center,6-9,220,France,1998-03-05T00:00:00,1,Undrafted,54,11.9,3.2,1.6,0.6,0.5,0.4,,2000000
1630214,Xavier Tillman,Grizzlies,Forward,6-8,245,USA,1999-01-12T00:00:00,1,35,112,15.9,5.7,3.7,1.2,0.8,0.4,,1517981
1630225,Isaiah Todd,Wizards,Forward,6-9,219,USA,2001-10-17T00:00:00,0,31,12,6.2,1.7,1.0,0.3,0.3,0.2,,1500000
1630167,Obi Toppin,Knicks,Forward,6-9,220,USA,1998-03-04T00:00:00,1,8,134,14.3,6.7,3.0,0.8,0.3,0.4,,5105160
1629308,Juan Toscano-Anderson,Warriors,Forward,6-6,209,USA,1993-04-10T00:00:00,2,Undrafted,139,17.1,4.8,3.3,2.2,0.7,0.3,,1701593
1626157,Karl-Anthony Towns,Timberwolves,Center-Forward,6-11,248,USA,1995-11-15T00:00:00,6,1,482,34.2,23.2,11.3,3.1,0.8,1.4,,31610000
1629018,Gary Trent Jr.,Raptors,Guard-Forward,6-5,209,USA,1999-01-18T00:00:00,3,37,204,27.9,13.5,2.2,1.4,1.1,0.2,,16000000
200782,P.J. Tucker,Heat,Forward,6-5,245,USA,1985-05-05T00:00:00,10,35,777,29.0,7.1,5.6,1.5,1.1,0.3,,7000000
1629730,Rayjon Tucker,Bucks,Guard,6-3,209,USA,1997-09-24T00:00:00,2,Undrafted,39,7.7,3.0,1.0,0.5,0.2,0.0,,28779
1626167,Myles Turner,Pacers,Center-Forward,6-11,250,USA,1996-03-24T00:00:00,6,11,431,28.7,12.7,6.7,1.2,0.7,2.3,,18000000
202685,Jonas Valanciunas,Pelicans,Center,6-11,265,Lithuania,1992-05-06T00:00:00,9,5,695,26.1,13.4,9.5,1.2,0.4,1.0,,14000000
1627832,Fred Vanvleet,Raptors,Guard,6-1,197,USA,1994-02-25T00:00:00,5,Undrafted,348,28.3,13.7,3.2,4.9,1.3,0.4,,19675926
1629020,Jarred Vanderbilt,Timberwolves,Forward,6-9,214,USA,1999-04-03T00:00:00,3,41,166,18.9,5.4,6.2,1.1,1.0,0.6,,4259259
1630170,Devin Vassell,Spurs,Guard-Forward,6-5,200,USA,2000-08-23T00:00:00,1,11,133,22.5,9.1,3.6,1.4,0.9,0.4,,4235160
1629216,Gabe Vincent,Heat,Guard,6-3,200,USA,1996-06-14T00:00:00,2,Undrafted,127,18.3,6.7,1.5,2.2,0.7,0.1,,1669178
202696,Nikola Vucevic,Bulls,Center,6-10,260,Montenegro,1990-10-24T00:00:00,10,16,741,30.9,16.9,10.4,2.7,0.9,0.9,,24000000
1629731,Dean Wade,Cavaliers,Forward-Center,6-9,228,USA,1996-11-20T00:00:00,2,Undrafted,126,18.0,5.3,3.0,1.0,0.5,0.3,,1782621
1630532,Franz Wagner,Magic,Forward,6-10,220,Germany,2001-08-27T00:00:00,0,8,79,30.7,15.2,4.5,2.9,0.9,0.4,,5007840
1629021,Moritz Wagner,Magic,Forward-Center,6-11,245,Germany,1997-04-26T00:00:00,3,25,196,15.1,7.5,3.5,1.1,0.4,0.3,,1729217
1630688,Ish Wainright,Suns,Forward,6-5,250,USA,1994-09-12T00:00:00,0,Undrafted,45,8.0,2.4,1.2,0.3,0.4,0.1,,8558
202689,Kemba Walker,Knicks,Guard,6-0,184,USA,1990-05-08T00:00:00,10,9,741,33.3,19.5,3.8,5.3,1.2,0.4,,34967442
1629022,Lonnie Walker Iv,Spurs,Guard-Forward,6-4,204,USA,1998-12-14T00:00:00,3,18,208,20.4,9.4,2.4,1.6,0.5,0.2,,4447896
202322,John Wall,Rockets,Guard,6-3,210,USA,1990-09-06T00:00:00,10,1,613,35.6,19.1,4.3,9.1,1.7,0.7,,44310840
203933,T.J. Warren,Pacers,Forward,6-8,220,USA,1993-09-05T00:00:00,7,14,332,28.8,15.5,4.1,1.2,1.0,0.5,,12690000
1629023,P.J. Washington,Hornets,Forward,6-7,230,USA,1998-08-23T00:00:00,2,12,187,29.3,11.8,5.7,2.3,0.9,1.0,,4215120
1630613,Duane Washington Jr.,Pacers,Guard,6-3,197,Germany,2000-03-24T00:00:00,0,Undrafted,48,20.2,9.9,1.7,1.8,0.5,0.1,,21270
1629139,Yuta Watanabe,Raptors,Guard-Forward,6-9,215,Japan,1994-10-13T00:00:00,3,Undrafted,121,12.0,3.8,2.5,0.6,0.4,0.3,,1762769
1630570,Trendon Watford,Trail Blazers,Forward,6-8,237,USA,2000-11-09T00:00:00,0,Undrafted,48,18.1,7.6,4.1,1.7,0.5,0.6,,260561
201566,Russell Westbrook,Lakers,Guard,6-3,200,USA,1988-11-12T00:00:00,13,4,1021,34.7,22.8,7.4,8.4,1.7,0.3,,44211146
1629632,Coby White,Bulls,Guard,6-4,195,USA,2000-02-16T00:00:00,2,7,195,28.2,13.7,3.6,3.5,0.6,0.2,,5837760
1628401,Derrick White,Celtics,Guard,6-4,190,USA,1994-07-02T00:00:00,4,29,263,25.9,11.5,3.3,3.8,0.8,0.8,,15178571
202355,Hassan Whiteside,Jazz,Center,7-0,265,USA,1989-06-13T00:00:00,9,33,511,24.7,12.6,10.8,0.6,0.5,2.2,,2401537
1630580,Joe Wieskamp,Spurs,Guard-Forward,6-6,205,USA,1999-08-23T00:00:00,0,41,29,7.1,2.1,0.5,0.3,0.1,0.1,,202068
1630598,Aaron Wiggins,Thunder,Guard,6-4,190,USA,1999-01-02T00:00:00,0,55,50,24.2,8.3,3.6,1.4,0.6,0.2,,1000000
203952,Andrew Wiggins,Warriors,Forward,6-7,197,Canada,1995-02-23T00:00:00,7,1,598,35.0,19.3,4.4,2.3,1.0,0.7,,31579390
1629684,Grant Williams,Celtics,Forward,6-6,236,USA,1998-11-30T00:00:00,2,22,209,19.4,5.4,3.0,1.0,0.5,0.6,,2617800
1629026,Kenrich Williams,Thunder,Guard-Forward,6-6,210,USA,1994-12-02T00:00:00,3,Undrafted,200,22.0,6.5,4.5,2.0,0.9,0.3,,2000000
101150,Lou Williams,Hawks,Guard,6-2,175,USA,1986-10-27T00:00:00,16,45,1123,24.1,13.9,2.2,3.4,0.8,0.2,,5000000
1630172,Patrick Williams,Bulls,Forward,6-7,215,USA,2001-08-26T00:00:00,1,4,88,27.3,9.2,4.5,1.3,0.8,0.6,,7422000
1630533,Ziaire Williams,Grizzlies,Forward,6-9,185,USA,2001-09-12T00:00:00,0,10,62,21.7,8.1,2.1,1.0,0.6,0.2,,4373160
1629057,Robert Williams Iii,Celtics,Center-Forward,6-9,237,USA,1997-10-17T00:00:00,3,27,174,19.9,7.2,6.6,1.4,0.7,1.7,,3661976
1629627,Zion Williamson,Pelicans,Forward,6-6,284,USA,2000-07-06T00:00:00,2,1,85,31.7,25.7,7.0,3.2,0.9,0.6,,10733400
1629685,Dylan Windler,Cavaliers,Guard-Forward,6-6,196,USA,1996-09-22T00:00:00,1,26,81,12.0,3.3,2.4,0.8,0.4,0.2,,2239200
1626159,Justise Winslow,Trail Blazers,Forward-Guard,6-6,222,USA,1996-03-26T00:00:00,6,10,315,25.8,8.4,5.1,2.5,0.9,0.4,,3902439
1630164,James Wiseman,Warriors,Center,7-0,240,USA,2001-03-31T00:00:00,1,2,39,21.4,11.5,5.8,0.7,0.3,0.9,,9166800
1626174,Christian Wood,Rockets,Forward,6-9,214,USA,1995-09-27T00:00:00,5,Undrafted,222,23.6,14.2,7.3,1.3,0.6,0.9,,13666667
1630218,Robert Woodard Ii,Spurs,Forward,6-6,235,USA,1999-09-22T00:00:00,1,40,25,3.5,1.1,1.1,0.2,0.0,0.2,,1517981
1626153,Delon Wright,Hawks,Guard,6-5,185,USA,1992-04-26T00:00:00,6,20,411,20.9,7.2,3.2,3.0,1.2,0.4,,8526316
1629027,Trae Young,Hawks,Guard,6-1,164,USA,1998-09-19T00:00:00,3,5,280,33.6,25.3,3.9,9.1,0.9,0.2,,14190000
1630209,Omer Yurtseven,Heat,Center,6-11,275,Turkey,1998-06-19T00:00:00,0,Undrafted,56,12.6,5.3,5.3,0.9,0.3,0.4,,1489065
1627826,Ivica Zubac,Clippers,Center,7-0,240,Croatia,1997-03-18T00:00:00,5,32,360,19.0,8.3,6.5,1.1,0.3,0.8,,7518518
